accuracy,macro_f1,macro_prec,macro_rec,FPR
0.9982750872369673,0.8718015192664553,0.9434122330413947,0.8543852308950523,0.001525
