accuracy,macro_f1,macro_prec,macro_rec,FPR
0.9982816960981283,0.9199117265962211,0.9132285719297178,0.9280572557714352,0.00155
